{
    "id": "fabulaultima",
    "title": "Fabula Ultima (Unofficial)",
    "description": "An unofficial implementation of the Fabula Ultima ruleset for Foundry VTT.",
    "authors": [{ "name": "razage", "discord": "razage", "url": "https://github.com/razage" }],
    "url": "https://github.com/fmg410/fabula-ultima-unofficial-hp-fix",
    "license": "LICENSE.txt",
    "version": "0.8.28b",
    "compatibility": {
        "minimum": "11",
        "verified": "11.315"
    },
    "manifest": "https://raw.githubusercontent.com/fmg410/fabula-ultima-unofficial-hp-fix/master/system.json",
    "download": "https://github.com/razage/fabula-ultima-unofficial/archive/refs/heads/master.zip",
    "primaryTokenAttribute": "hp",
    "secondaryTokenAttribute": "mp",
    "esmodules": ["module/fabulaultima.js"],
    "styles": ["styles/fabulaultima.css"],
    "relationships": {
        "recommends": [
            {
                "id": "challenge-tracker",
                "type": "module",
                "manifest": "https://raw.githubusercontent.com/Larkinabout/fvtt-challenge-tracker/master/module.json"
            },
            {
                "id": "lancer-initiative",
                "type": "module",
                "manifest": "https://raw.githubusercontent.com/BoltsJ/lancer-initiative/default/public/module.json"
            }
        ]
    },
    "languages": [
        {
            "lang": "en",
            "name": "English",
            "path": "lang/en.json",
            "flags": {}
        },
        {
            "lang": "fr",
            "name": "Français",
            "path": "lang/fr.json",
            "flags": {}
        }
    ],
    "packs": [
        {
            "name": "accessories",
            "label": "Accessories",
            "system": "fabulaultima",
            "private": false,
            "type": "Item",
            "flags": {}
        },
        {
            "name": "ace-of-cards-support",
            "label": "Ace of Cards Support",
            "system": "fabulaultima",
            "private": false,
            "type": "Cards",
            "flags": {}
        },
        {
            "name": "arcana",
            "label": "Arcana",
            "system": "fabulaultima",
            "private": false,
            "type": "Item",
            "flags": {}
        },
        {
            "name": "armor",
            "label": "Armor",
            "system": "fabulaultima",
            "private": false,
            "type": "Item",
            "flags": {}
        },
        {
            "name": "character-classes",
            "label": "Character Classes",
            "system": "fabulaultima",
            "private": false,
            "type": "Item",
            "flags": {}
        },
        {
            "name": "consumables",
            "label": "Consumables",
            "system": "fabulaultima",
            "private": false,
            "type": "Item",
            "flags": {}
        },
        {
            "name": "effects",
            "label": "Effects",
            "system": "fabulaultima",
            "private": false,
            "type": "Item",
            "flags": {}
        },
        {
            "name": "heroic-skills",
            "label": "Heroic Skills",
            "system": "fabulaultima",
            "private": false,
            "type": "Item",
            "flags": {}
        },
        {
            "name": "npc-skills",
            "label": "NPC Skills",
            "system": "fabulaultima",
            "private": false,
            "type": "Item",
            "flags": {}
        },
        {
            "name": "npcs",
            "label": "NPCs",
            "system": "fabulaultima",
            "private": false,
            "type": "Actor",
            "flags": {}
        },
        {
            "name": "skills",
            "label": "Skills",
            "system": "fabulaultima",
            "private": false,
            "type": "Item",
            "flags": {}
        },
        {
            "name": "spells",
            "label": "Spells",
            "system": "fabulaultima",
            "private": false,
            "type": "Item",
            "flags": {}
        },
        {
            "name": "tinkerer-potion-tables",
            "label": "Tinkerer Potion Tables",
            "system": "fabulaultima",
            "private": false,
            "type": "RollTable",
            "flags": {}
        },
        {
            "name": "weapons",
            "label": "Weapons",
            "system": "fabulaultima",
            "private": false,
            "type": "Item",
            "flags": {}
        }
    ]
}
