{
    "Actor": {
        "types": ["player", "companion", "npc", "grand-summon", "group"],
        "templates": {
            "charAttributes": {
                "attributes": {
                    "dexterity": {
                        "name": "dexterity",
                        "base": 6,
                        "bonus": 0,
                        "current": 6
                    },
                    "insight": {
                        "name": "insight",
                        "base": 6,
                        "bonus": 0,
                        "current": 6
                    },
                    "might": {
                        "name": "might",
                        "base": 6,
                        "bonus": 0,
                        "current": 6
                    },
                    "willpower": {
                        "name": "willpower",
                        "base": 6,
                        "bonus": 0,
                        "current": 6
                    }
                }
            },
            "charBonuses": {
                "bonuses": {
                    "accuracy": {
                        "physical": 0,
                        "magic": 0,
                        "arcane": 0,
                        "bow": 0,
                        "brawling": 0,
                        "dagger": 0,
                        "firearm": 0,
                        "flail": 0,
                        "heavy": 0,
                        "shield": 0,
                        "spear": 0,
                        "sword": 0,
                        "thrown": 0
                    },
                    "damage": {
                        "physical": 0,
                        "magic": 0,
                        "arcane": 0,
                        "bow": 0,
                        "brawling": 0,
                        "dagger": 0,
                        "firearm": 0,
                        "flail": 0,
                        "heavy": 0,
                        "shield": 0,
                        "spear": 0,
                        "sword": 0,
                        "thrown": 0
                    }
                }
            },
            "charDefenses": {
                "defenses": {
                    "physical": {
                        "base": 6,
                        "value": 0,
                        "bonus": 0
                    },
                    "magic": {
                        "base": 6,
                        "value": 0,
                        "bonus": 0
                    }
                }
            },
            "charEquipment": {
                "accessories": [],
                "armor": [],
                "skills": [],
                "spells": [],
                "weapons": []
            },
            "charFlags": {
                "canSummon": false,
                "hasFrenzy": false
            },
            "charStatuses": {
                "statuses": {
                    "slow": {
                        "active": false,
                        "immune": false
                    },
                    "dazed": {
                        "active": false,
                        "immune": false
                    },
                    "weak": {
                        "active": false,
                        "immune": false
                    },
                    "shaken": {
                        "active": false,
                        "immune": false
                    },
                    "enraged": {
                        "active": false,
                        "immune": false
                    },
                    "poisoned": {
                        "active": false,
                        "immune": false
                    },
                    "crisis": false
                }
            },
            "charResistances": {
                "resistances": {
                    "air": 0,
                    "bolt": 0,
                    "dark": 0,
                    "earth": 0,
                    "fire": 0,
                    "ice": 0,
                    "light": 0,
                    "physical": 0,
                    "poison": 0
                }
            },
            "charResources": {
                "hp": {
                    "value": 35,
                    "max": 35,
                    "crisis": 17,
                    "bonus": 0
                },
                "mp": {
                    "value": 35,
                    "max": 35,
                    "bonus": 0
                },
                "ip": {
                    "value": 6,
                    "max": 6,
                    "bonus": 0
                },
                "gp": {
                    "enabled": false,
                    "value": 0,
                    "max": 6
                }
            }
        },
        "companion": {
            "templates": [
                "charAttributes",
                "charBonuses",
                "charDefenses",
                "charEquipment",
                "charStatuses",
                "charResistances",
                "charResources"
            ],
            "schemaVersion": "1.01",
            "skillLevel": 1,
            "isHeroic": false,
            "canUseEquipment": false,
            "ownerLevel": 5,
            "species": "Beast",
            "level": 5,
            "description": ""
        },
        "grand-summon": {
            "templates": [
                "charAttributes",
                "charBonuses",
                "charDefenses",
                "charStatuses",
                "charResistances",
                "charResources"
            ],
            "schemaVersion": "1.02",
            "species": "Demon",
            "rank": "soldier",
            "initiative": {
                "base": 0,
                "bonus": 0,
                "value": 0
            },
            "level": 30,
            "ownerBonus": 0,
            "description": "",
            "specialRules": ""
        },
        "group": {
            "schemaVersion": "1.02",
            "partyMembers": [],
            "creatures": "",
            "locations": "",
            "notes": ""
        },
        "player": {
            "templates": [
                "charAttributes",
                "charBonuses",
                "charDefenses",
                "charEquipment",
                "charFlags",
                "charStatuses",
                "charResistances",
                "charResources"
            ],
            "schemaVersion": "1.31",
            "pronouns": "",
            "identity": "",
            "theme": "",
            "origin": "",
            "isLeader": false,
            "fabulaPoints": 3,
            "experiencePoints": 0,
            "initiativeMod": 0,
            "rituals": {
                "arcanism": false,
                "chimerism": false,
                "elementalism": false,
                "entropism": false,
                "ritualism": false,
                "spiritism": false
            },
            "martial": {
                "melee": false,
                "ranged": false,
                "armor": false,
                "shields": false
            },
            "characterLevel": 0,
            "arcanum": [],
            "bonds": [],
            "classes": [],
            "consumables": [],
            "zenit": 500,
            "notes": ""
        },
        "npc": {
            "templates": [
                "charAttributes",
                "charBonuses",
                "charDefenses",
                "charEquipment",
                "charFlags",
                "charStatuses",
                "charResistances",
                "charResources"
            ],
            "schemaVersion": "1.10",
            "species": "Beast",
            "rank": "soldier",
            "isBoss": false,
            "bossRank": "minor villain",
            "numberOfEnemies": 1,
            "canUseEquipment": false,
            "initiative": {
                "base": 0,
                "bonus": 0,
                "value": 0
            },
            "level": 0,
            "ultimaPoints": 0,
            "typicalTraits": "",
            "description": "",
            "specialRules": ""
        }
    },
    "Item": {
        "types": [
            "weapon",
            "armor",
            "accessory",
            "consumable",
            "arcanum",
            "class",
            "spell",
            "skill-effect",
            "skill",
            "bond"
        ],
        "templates": {
            "itemCommon": {
                "cost": 0,
                "quality": "No Quality."
            },
            "martialProficiencies": {
                "isMartial": {
                    "armor": false,
                    "melee": false,
                    "ranged": false,
                    "shield": false
                }
            },
            "armorStats": {
                "isEquipped": false,
                "defense": {
                    "value": 0,
                    "useDex": false
                },
                "mDefense": {
                    "value": 0,
                    "useIns": false
                },
                "initiative": 0
            },
            "equippable": {
                "isEquipped": false
            },
            "multiEnabled": {
                "multi": {
                    "enabled": false,
                    "value": 0
                }
            },
            "usesAccuracy": {
                "accuracy": {
                    "mainStat": "dexterity",
                    "secondaryStat": "dexterity",
                    "bonus": 0
                }
            },
            "dealsDamage": {
                "damage": {
                    "bonus": 0,
                    "type": "physical"
                }
            },
            "hasClass": {
                "class": ""
            }
        },
        "accessory": {
            "templates": ["itemCommon", "armorStats", "isEquipped"],
            "schemaVersion": "1.05",
            "hpBonus": 0,
            "mpBonus": 0,
            "accuracyBonus": {
                "physical": 0,
                "magic": 0
            }
        },
        "arcanum": {
            "templates": ["isEquipped"],
            "schemaVersion": "1.01",
            "domains": "",
            "merge": "",
            "dismiss": ""
        },
        "armor": {
            "templates": ["itemCommon", "armorStats", "martialProficiencies", "equippable"],
            "schemaVersion": "1.05"
        },
        "bond": {
            "schemaVersion": "1.01",
            "emotionOne": "",
            "emotionTwo": "",
            "emotionThree": "",
            "strength": 0,
            "notes": ""
        },
        "class": {
            "schemaVersion": "1.0",
            "level": 1,
            "benefits": {
                "resource": {
                    "hp": 0,
                    "mp": 0,
                    "ip": 0
                },
                "martial": {
                    "melee": false,
                    "ranged": false,
                    "armor": false,
                    "shields": false
                },
                "rituals": {
                    "arcanism": false,
                    "chimerism": false,
                    "elementalism": false,
                    "entropism": false,
                    "ritualism": false,
                    "spiritism": false
                }
            },
            "skills": []
        },
        "consumable": {
            "schemaVersion": "1.01",
            "internalName": "",
            "ipCost": 0,
            "quality": "No Quality."
        },
        "skillEffect": {
            "schemaVersion": "2.0"
        },
        "skill": {
            "templates": ["hasClass"],
            "schemaVersion": "1.03",
            "notes": "",
            "hasLevels": false,
            "skillLevel": {
                "value": 1,
                "max": 1
            },
            "isHeroic": false,
            "requirements": ""
        },
        "spell": {
            "templates": ["dealsDamage", "usesAccuracy", "hasClass"],
            "schemaVersion": "1.02",
            "manaCost": 0,
            "offensiveSpell": false,
            "noDamage": false,
            "target": "Self",
            "multipleTargets": false,
            "duration": "instantaneous",
            "notes": "",
            "opportunity": {
                "enabled": false,
                "quality": ""
            }
        },
        "weapon": {
            "templates": [
                "itemCommon",
                "armorStats",
                "martialProficiencies",
                "equippable",
                "multiEnabled",
                "usesAccuracy",
                "dealsDamage"
            ],
            "schemaVersion": "1.10",
            "isDualWielding": false,
            "twoHands": false,
            "range": "melee",
            "category": "arcane"
        }
    }
}
